category,word,n
weight_loss,people,4
health_focused,outcomes,2
weight_loss,bodies,2
weight_loss,excuses,2
health_focused,access,1
health_focused,balanced,1
health_focused,centred,1
health_focused,community,1
health_focused,contribute,1
health_focused,daily,1
health_focused,energy,1
health_focused,food,1
health_focused,habits,1
health_focused,health,1
health_focused,healthcare,1
health_focused,hydration,1
health_focused,improve,1
health_focused,matters,1
health_focused,meals,1
health_focused,mood,1
health_focused,nutrition,1
health_focused,performance,1
health_focused,person,1
health_focused,protein,1
health_focused,recovery,1
health_focused,respectful,1
health_focused,sleep,1
health_focused,support,1
health_focused,time,1
weight_loss,bad,1
weight_loss,beach,1
weight_loss,bigger,1
weight_loss,body,1
weight_loss,care,1
weight_loss,cheat,1
weight_loss,disciplined,1
weight_loss,don,1
weight_loss,failure,1
weight_loss,foods,1
weight_loss,gain,1
weight_loss,hard,1
weight_loss,health,1
weight_loss,larger,1
weight_loss,lazy,1
weight_loss,personal,1
weight_loss,simply,1
weight_loss,stop,1
weight_loss,weak,1
weight_loss,weight,1
